Text,IC,Chi-Squared,Entropy,Estimated Key Length
Original English,0.06897204252843757,37.51401431551116,4.107068942867521,N/A
Caesar Cipher,0.06990605123554963,11211.76117406747,4.077721727087847,N/A
Vigenère Cipher,0.04533306233252267,8788.953277941122,4.566263087654638,4
